longitude,latitude,date,NDVI,product
MODIS/006/MOD13Q1,MODIS/006/MOD13Q1,MODIS/006/MOD13Q1,MODIS/006/MOD13Q1,MODIS/006/MOD13Q1
MODIS/006/MOD13Q1,MODIS/006/MOD13Q1,MODIS/006/MOD13Q1,MODIS/006/MOD13Q1,MODIS/006/MOD13Q1
MODIS/006/MOD13Q1,MODIS/006/MOD13Q1,MODIS/006/MOD13Q1,MODIS/006/MOD13Q1,MODIS/006/MOD13Q1
MODIS/006/MOD13Q1,MODIS/006/MOD13Q1,MODIS/006/MOD13Q1,MODIS/006/MOD13Q1,MODIS/006/MOD13Q1
MODIS/006/MOD13Q1,MODIS/006/MOD13Q1,MODIS/006/MOD13Q1,MODIS/006/MOD13Q1,MODIS/006/MOD13Q1
MODIS/006/MOD13Q1,MODIS/006/MOD13Q1,MODIS/006/MOD13Q1,MODIS/006/MOD13Q1,MODIS/006/MOD13Q1
MODIS/006/MOD13Q1,MODIS/006/MOD13Q1,MODIS/006/MOD13Q1,MODIS/006/MOD13Q1,MODIS/006/MOD13Q1
MODIS/006/MOD13Q1,MODIS/006/MOD13Q1,MODIS/006/MOD13Q1,MODIS/006/MOD13Q1,MODIS/006/MOD13Q1
MODIS/006/MOD13Q1,MODIS/006/MOD13Q1,MODIS/006/MOD13Q1,MODIS/006/MOD13Q1,MODIS/006/MOD13Q1
MODIS/006/MOD13Q1,MODIS/006/MOD13Q1,MODIS/006/MOD13Q1,MODIS/006/MOD13Q1,MODIS/006/MOD13Q1
MODIS/006/MOD13Q1,MODIS/006/MOD13Q1,MODIS/006/MOD13Q1,MODIS/006/MOD13Q1,MODIS/006/MOD13Q1
MODIS/006/MOD13Q1,MODIS/006/MOD13Q1,MODIS/006/MOD13Q1,MODIS/006/MOD13Q1,MODIS/006/MOD13Q1
MODIS/006/MOD13Q1,MODIS/006/MOD13Q1,MODIS/006/MOD13Q1,MODIS/006/MOD13Q1,MODIS/006/MOD13Q1
MODIS/006/MOD13Q1,MODIS/006/MOD13Q1,MODIS/006/MOD13Q1,MODIS/006/MOD13Q1,MODIS/006/MOD13Q1
MODIS/006/MOD13Q1,MODIS/006/MOD13Q1,MODIS/006/MOD13Q1,MODIS/006/MOD13Q1,MODIS/006/MOD13Q1
MODIS/006/MOD13Q1,MODIS/006/MOD13Q1,MODIS/006/MOD13Q1,MODIS/006/MOD13Q1,MODIS/006/MOD13Q1
MODIS/006/MOD13Q1,MODIS/006/MOD13Q1,MODIS/006/MOD13Q1,MODIS/006/MOD13Q1,MODIS/006/MOD13Q1
MODIS/006/MOD13Q1,MODIS/006/MOD13Q1,MODIS/006/MOD13Q1,MODIS/006/MOD13Q1,MODIS/006/MOD13Q1
MODIS/006/MOD13Q1,MODIS/006/MOD13Q1,MODIS/006/MOD13Q1,MODIS/006/MOD13Q1,MODIS/006/MOD13Q1
MODIS/006/MOD13Q1,MODIS/006/MOD13Q1,MODIS/006/MOD13Q1,MODIS/006/MOD13Q1,MODIS/006/MOD13Q1
MODIS/006/MOD13Q1,MODIS/006/MOD13Q1,MODIS/006/MOD13Q1,MODIS/006/MOD13Q1,MODIS/006/MOD13Q1
MODIS/006/MOD13Q1,MODIS/006/MOD13Q1,MODIS/006/MOD13Q1,MODIS/006/MOD13Q1,MODIS/006/MOD13Q1
MODIS/006/MOD13Q1,MODIS/006/MOD13Q1,MODIS/006/MOD13Q1,MODIS/006/MOD13Q1,MODIS/006/MOD13Q1
MODIS/006/MOD13Q1,MODIS/006/MOD13Q1,MODIS/006/MOD13Q1,MODIS/006/MOD13Q1,MODIS/006/MOD13Q1
MODIS/006/MOD13Q1,MODIS/006/MOD13Q1,MODIS/006/MOD13Q1,MODIS/006/MOD13Q1,MODIS/006/MOD13Q1
MODIS/006/MOD13Q1,MODIS/006/MOD13Q1,MODIS/006/MOD13Q1,MODIS/006/MOD13Q1,MODIS/006/MOD13Q1
MODIS/006/MOD13Q1,MODIS/006/MOD13Q1,MODIS/006/MOD13Q1,MODIS/006/MOD13Q1,MODIS/006/MOD13Q1
MODIS/006/MOD13Q1,MODIS/006/MOD13Q1,MODIS/006/MOD13Q1,MODIS/006/MOD13Q1,MODIS/006/MOD13Q1
MODIS/006/MOD13Q1,MODIS/006/MOD13Q1,MODIS/006/MOD13Q1,MODIS/006/MOD13Q1,MODIS/006/MOD13Q1
MODIS/006/MOD13Q1,MODIS/006/MOD13Q1,MODIS/006/MOD13Q1,MODIS/006/MOD13Q1,MODIS/006/MOD13Q1
MODIS/006/MOD13Q1,MODIS/006/MOD13Q1,MODIS/006/MOD13Q1,MODIS/006/MOD13Q1,MODIS/006/MOD13Q1
MODIS/006/MOD13Q1,MODIS/006/MOD13Q1,MODIS/006/MOD13Q1,MODIS/006/MOD13Q1,MODIS/006/MOD13Q1
MODIS/006/MOD13Q1,MODIS/006/MOD13Q1,MODIS/006/MOD13Q1,MODIS/006/MOD13Q1,MODIS/006/MOD13Q1
MODIS/006/MOD13Q1,MODIS/006/MOD13Q1,MODIS/006/MOD13Q1,MODIS/006/MOD13Q1,MODIS/006/MOD13Q1
MODIS/006/MOD13Q1,MODIS/006/MOD13Q1,MODIS/006/MOD13Q1,MODIS/006/MOD13Q1,MODIS/006/MOD13Q1
MODIS/006/MOD13Q1,MODIS/006/MOD13Q1,MODIS/006/MOD13Q1,MODIS/006/MOD13Q1,MODIS/006/MOD13Q1
MODIS/006/MOD13Q1,MODIS/006/MOD13Q1,MODIS/006/MOD13Q1,MODIS/006/MOD13Q1,MODIS/006/MOD13Q1
MODIS/006/MOD13Q1,MODIS/006/MOD13Q1,MODIS/006/MOD13Q1,MODIS/006/MOD13Q1,MODIS/006/MOD13Q1
MODIS/006/MOD13Q1,MODIS/006/MOD13Q1,MODIS/006/MOD13Q1,MODIS/006/MOD13Q1,MODIS/006/MOD13Q1
MODIS/006/MOD13Q1,MODIS/006/MOD13Q1,MODIS/006/MOD13Q1,MODIS/006/MOD13Q1,MODIS/006/MOD13Q1
MODIS/006/MOD13Q1,MODIS/006/MOD13Q1,MODIS/006/MOD13Q1,MODIS/006/MOD13Q1,MODIS/006/MOD13Q1
MODIS/006/MOD13Q1,MODIS/006/MOD13Q1,MODIS/006/MOD13Q1,MODIS/006/MOD13Q1,MODIS/006/MOD13Q1
MODIS/006/MOD13Q1,MODIS/006/MOD13Q1,MODIS/006/MOD13Q1,MODIS/006/MOD13Q1,MODIS/006/MOD13Q1
MODIS/006/MOD13Q1,MODIS/006/MOD13Q1,MODIS/006/MOD13Q1,MODIS/006/MOD13Q1,MODIS/006/MOD13Q1
MODIS/006/MOD13Q1,MODIS/006/MOD13Q1,MODIS/006/MOD13Q1,MODIS/006/MOD13Q1,MODIS/006/MOD13Q1
MODIS/006/MOD13Q1,MODIS/006/MOD13Q1,MODIS/006/MOD13Q1,MODIS/006/MOD13Q1,MODIS/006/MOD13Q1
MODIS/006/MOD13Q1,MODIS/006/MOD13Q1,MODIS/006/MOD13Q1,MODIS/006/MOD13Q1,MODIS/006/MOD13Q1
MODIS/006/MOD13Q1,MODIS/006/MOD13Q1,MODIS/006/MOD13Q1,MODIS/006/MOD13Q1,MODIS/006/MOD13Q1
MODIS/006/MOD13Q1,MODIS/006/MOD13Q1,MODIS/006/MOD13Q1,MODIS/006/MOD13Q1,MODIS/006/MOD13Q1
MODIS/006/MOD13Q1,MODIS/006/MOD13Q1,MODIS/006/MOD13Q1,MODIS/006/MOD13Q1,MODIS/006/MOD13Q1
MODIS/006/MOD13Q1,MODIS/006/MOD13Q1,MODIS/006/MOD13Q1,MODIS/006/MOD13Q1,MODIS/006/MOD13Q1
MODIS/006/MOD13Q1,MODIS/006/MOD13Q1,MODIS/006/MOD13Q1,MODIS/006/MOD13Q1,MODIS/006/MOD13Q1
MODIS/006/MOD13Q1,MODIS/006/MOD13Q1,MODIS/006/MOD13Q1,MODIS/006/MOD13Q1,MODIS/006/MOD13Q1
MODIS/006/MOD13Q1,MODIS/006/MOD13Q1,MODIS/006/MOD13Q1,MODIS/006/MOD13Q1,MODIS/006/MOD13Q1
MODIS/006/MOD13Q1,MODIS/006/MOD13Q1,MODIS/006/MOD13Q1,MODIS/006/MOD13Q1,MODIS/006/MOD13Q1
MODIS/006/MOD13Q1,MODIS/006/MOD13Q1,MODIS/006/MOD13Q1,MODIS/006/MOD13Q1,MODIS/006/MOD13Q1
MODIS/006/MOD13Q1,MODIS/006/MOD13Q1,MODIS/006/MOD13Q1,MODIS/006/MOD13Q1,MODIS/006/MOD13Q1
MODIS/006/MOD13Q1,MODIS/006/MOD13Q1,MODIS/006/MOD13Q1,MODIS/006/MOD13Q1,MODIS/006/MOD13Q1
MODIS/006/MOD13Q1,MODIS/006/MOD13Q1,MODIS/006/MOD13Q1,MODIS/006/MOD13Q1,MODIS/006/MOD13Q1
MODIS/006/MOD13Q1,MODIS/006/MOD13Q1,MODIS/006/MOD13Q1,MODIS/006/MOD13Q1,MODIS/006/MOD13Q1
MODIS/006/MOD13Q1,MODIS/006/MOD13Q1,MODIS/006/MOD13Q1,MODIS/006/MOD13Q1,MODIS/006/MOD13Q1
MODIS/006/MOD13Q1,MODIS/006/MOD13Q1,MODIS/006/MOD13Q1,MODIS/006/MOD13Q1,MODIS/006/MOD13Q1
MODIS/006/MOD13Q1,MODIS/006/MOD13Q1,MODIS/006/MOD13Q1,MODIS/006/MOD13Q1,MODIS/006/MOD13Q1
MODIS/006/MOD13Q1,MODIS/006/MOD13Q1,MODIS/006/MOD13Q1,MODIS/006/MOD13Q1,MODIS/006/MOD13Q1
MODIS/006/MOD13Q1,MODIS/006/MOD13Q1,MODIS/006/MOD13Q1,MODIS/006/MOD13Q1,MODIS/006/MOD13Q1
MODIS/006/MOD13Q1,MODIS/006/MOD13Q1,MODIS/006/MOD13Q1,MODIS/006/MOD13Q1,MODIS/006/MOD13Q1
MODIS/006/MOD13Q1,MODIS/006/MOD13Q1,MODIS/006/MOD13Q1,MODIS/006/MOD13Q1,MODIS/006/MOD13Q1
MODIS/006/MOD13Q1,MODIS/006/MOD13Q1,MODIS/006/MOD13Q1,MODIS/006/MOD13Q1,MODIS/006/MOD13Q1
MODIS/006/MOD13Q1,MODIS/006/MOD13Q1,MODIS/006/MOD13Q1,MODIS/006/MOD13Q1,MODIS/006/MOD13Q1
MODIS/006/MOD13Q1,MODIS/006/MOD13Q1,MODIS/006/MOD13Q1,MODIS/006/MOD13Q1,MODIS/006/MOD13Q1
MODIS/006/MOD13Q1,MODIS/006/MOD13Q1,MODIS/006/MOD13Q1,MODIS/006/MOD13Q1,MODIS/006/MOD13Q1
MODIS/006/MOD13Q1,MODIS/006/MOD13Q1,MODIS/006/MOD13Q1,MODIS/006/MOD13Q1,MODIS/006/MOD13Q1
MODIS/006/MOD13Q1,MODIS/006/MOD13Q1,MODIS/006/MOD13Q1,MODIS/006/MOD13Q1,MODIS/006/MOD13Q1
MODIS/006/MOD13Q1,MODIS/006/MOD13Q1,MODIS/006/MOD13Q1,MODIS/006/MOD13Q1,MODIS/006/MOD13Q1
MODIS/006/MOD13Q1,MODIS/006/MOD13Q1,MODIS/006/MOD13Q1,MODIS/006/MOD13Q1,MODIS/006/MOD13Q1
MODIS/006/MOD13Q1,MODIS/006/MOD13Q1,MODIS/006/MOD13Q1,MODIS/006/MOD13Q1,MODIS/006/MOD13Q1
MODIS/006/MOD13Q1,MODIS/006/MOD13Q1,MODIS/006/MOD13Q1,MODIS/006/MOD13Q1,MODIS/006/MOD13Q1
MODIS/006/MOD13Q1,MODIS/006/MOD13Q1,MODIS/006/MOD13Q1,MODIS/006/MOD13Q1,MODIS/006/MOD13Q1
MODIS/006/MOD13Q1,MODIS/006/MOD13Q1,MODIS/006/MOD13Q1,MODIS/006/MOD13Q1,MODIS/006/MOD13Q1
MODIS/006/MOD13Q1,MODIS/006/MOD13Q1,MODIS/006/MOD13Q1,MODIS/006/MOD13Q1,MODIS/006/MOD13Q1
MODIS/006/MOD13Q1,MODIS/006/MOD13Q1,MODIS/006/MOD13Q1,MODIS/006/MOD13Q1,MODIS/006/MOD13Q1
MODIS/006/MOD13Q1,MODIS/006/MOD13Q1,MODIS/006/MOD13Q1,MODIS/006/MOD13Q1,MODIS/006/MOD13Q1
MODIS/006/MOD13Q1,MODIS/006/MOD13Q1,MODIS/006/MOD13Q1,MODIS/006/MOD13Q1,MODIS/006/MOD13Q1
MODIS/006/MOD13Q1,MODIS/006/MOD13Q1,MODIS/006/MOD13Q1,MODIS/006/MOD13Q1,MODIS/006/MOD13Q1
MODIS/006/MOD13Q1,MODIS/006/MOD13Q1,MODIS/006/MOD13Q1,MODIS/006/MOD13Q1,MODIS/006/MOD13Q1
MODIS/006/MOD13Q1,MODIS/006/MOD13Q1,MODIS/006/MOD13Q1,MODIS/006/MOD13Q1,MODIS/006/MOD13Q1
MODIS/006/MOD13Q1,MODIS/006/MOD13Q1,MODIS/006/MOD13Q1,MODIS/006/MOD13Q1,MODIS/006/MOD13Q1
MODIS/006/MOD13Q1,MODIS/006/MOD13Q1,MODIS/006/MOD13Q1,MODIS/006/MOD13Q1,MODIS/006/MOD13Q1
MODIS/006/MOD13Q1,MODIS/006/MOD13Q1,MODIS/006/MOD13Q1,MODIS/006/MOD13Q1,MODIS/006/MOD13Q1
MODIS/006/MOD13Q1,MODIS/006/MOD13Q1,MODIS/006/MOD13Q1,MODIS/006/MOD13Q1,MODIS/006/MOD13Q1
MODIS/006/MOD13Q1,MODIS/006/MOD13Q1,MODIS/006/MOD13Q1,MODIS/006/MOD13Q1,MODIS/006/MOD13Q1
MODIS/006/MOD13Q1,MODIS/006/MOD13Q1,MODIS/006/MOD13Q1,MODIS/006/MOD13Q1,MODIS/006/MOD13Q1
MODIS/006/MOD13Q1,MODIS/006/MOD13Q1,MODIS/006/MOD13Q1,MODIS/006/MOD13Q1,MODIS/006/MOD13Q1
MODIS/006/MOD13Q1,MODIS/006/MOD13Q1,MODIS/006/MOD13Q1,MODIS/006/MOD13Q1,MODIS/006/MOD13Q1
MODIS/006/MOD13Q1,MODIS/006/MOD13Q1,MODIS/006/MOD13Q1,MODIS/006/MOD13Q1,MODIS/006/MOD13Q1
MODIS/006/MOD13Q1,MODIS/006/MOD13Q1,MODIS/006/MOD13Q1,MODIS/006/MOD13Q1,MODIS/006/MOD13Q1
MODIS/006/MOD13Q1,MODIS/006/MOD13Q1,MODIS/006/MOD13Q1,MODIS/006/MOD13Q1,MODIS/006/MOD13Q1
MODIS/006/MOD13Q1,MODIS/006/MOD13Q1,MODIS/006/MOD13Q1,MODIS/006/MOD13Q1,MODIS/006/MOD13Q1
MODIS/006/MOD13Q1,MODIS/006/MOD13Q1,MODIS/006/MOD13Q1,MODIS/006/MOD13Q1,MODIS/006/MOD13Q1
MODIS/006/MOD13Q1,MODIS/006/MOD13Q1,MODIS/006/MOD13Q1,MODIS/006/MOD13Q1,MODIS/006/MOD13Q1
MODIS/006/MOD13Q1,MODIS/006/MOD13Q1,MODIS/006/MOD13Q1,MODIS/006/MOD13Q1,MODIS/006/MOD13Q1
MODIS/006/MOD13Q1,MODIS/006/MOD13Q1,MODIS/006/MOD13Q1,MODIS/006/MOD13Q1,MODIS/006/MOD13Q1
MODIS/006/MOD13Q1,MODIS/006/MOD13Q1,MODIS/006/MOD13Q1,MODIS/006/MOD13Q1,MODIS/006/MOD13Q1
MODIS/006/MOD13Q1,MODIS/006/MOD13Q1,MODIS/006/MOD13Q1,MODIS/006/MOD13Q1,MODIS/006/MOD13Q1
MODIS/006/MOD13Q1,MODIS/006/MOD13Q1,MODIS/006/MOD13Q1,MODIS/006/MOD13Q1,MODIS/006/MOD13Q1
MODIS/006/MOD13Q1,MODIS/006/MOD13Q1,MODIS/006/MOD13Q1,MODIS/006/MOD13Q1,MODIS/006/MOD13Q1
MODIS/006/MOD13Q1,MODIS/006/MOD13Q1,MODIS/006/MOD13Q1,MODIS/006/MOD13Q1,MODIS/006/MOD13Q1
MODIS/006/MOD13Q1,MODIS/006/MOD13Q1,MODIS/006/MOD13Q1,MODIS/006/MOD13Q1,MODIS/006/MOD13Q1
MODIS/006/MOD13Q1,MODIS/006/MOD13Q1,MODIS/006/MOD13Q1,MODIS/006/MOD13Q1,MODIS/006/MOD13Q1
MODIS/006/MOD13Q1,MODIS/006/MOD13Q1,MODIS/006/MOD13Q1,MODIS/006/MOD13Q1,MODIS/006/MOD13Q1
MODIS/006/MOD13Q1,MODIS/006/MOD13Q1,MODIS/006/MOD13Q1,MODIS/006/MOD13Q1,MODIS/006/MOD13Q1
MODIS/006/MOD13Q1,MODIS/006/MOD13Q1,MODIS/006/MOD13Q1,MODIS/006/MOD13Q1,MODIS/006/MOD13Q1
MODIS/006/MOD13Q1,MODIS/006/MOD13Q1,MODIS/006/MOD13Q1,MODIS/006/MOD13Q1,MODIS/006/MOD13Q1
MODIS/006/MOD13Q1,MODIS/006/MOD13Q1,MODIS/006/MOD13Q1,MODIS/006/MOD13Q1,MODIS/006/MOD13Q1
MODIS/006/MOD13Q1,MODIS/006/MOD13Q1,MODIS/006/MOD13Q1,MODIS/006/MOD13Q1,MODIS/006/MOD13Q1
